Country,Domain,Category,Year
Australia,Fashion,Clothing,2010
Australia,Fashion,Clothing,2011
Australia,Fashion,Clothing,2012
Australia,Fashion,Clothing,2013
Australia,Fashion,Clothing,2010
Australia,Fashion,Clothing,2011
Australia,Fashion,Clothing,2012
Australia,Fashion,Clothing,2013
Australia,Fashion,Clothing,2010
Australia,Fashion,Clothing,2011
Australia,Fashion,Clothing,2012
Australia,Fashion,Clothing,2013
Australia,Fashion,Clothing,2010
Australia,Fashion,Clothing,2011
Australia,Fashion,Clothing,2012
Australia,Fashion,Clothing,2013
Australia,Electronics,Cellphone,2010
Australia,Electronics,Cellphone,2011
Australia,Electronics,Cellphone,2012
Australia,Electronics,Cellphone,2013
Australia,Electronics,Cellphone,2010
Australia,Electronics,Cellphone,2011
Australia,Electronics,Cellphone,2012
Australia,Electronics,Cellphone,2013
Australia,Fashion,Clothing,2010
Australia,Fashion,Clothing,2011
Australia,Fashion,Clothing,2012
Australia,Fashion,Clothing,2013
Australia,Fashion,Clothing,2010
Australia,Fashion,Clothing,2011
Australia,Fashion,Clothing,2012
Australia,Fashion,Clothing,2013
Australia,Fashion,Clothing,2010
Australia,Fashion,Clothing,2011
Australia,Fashion,Clothing,2012
Australia,Fashion,Clothing,2013
Australia,Fashion,Clothing,2010
Australia,Fashion,Clothing,2011
Australia,Fashion,Clothing,2012
Australia,Fashion,Clothing,2013
Australia,Electronics,Cellphone,2010
Australia,Electronics,Cellphone,2011
Australia,Electronics,Cellphone,2012
Australia,Electronics,Cellphone,2013
Australia,Electronics,Cellphone,2010
Australia,Electronics,Cellphone,2011
Australia,Electronics,Cellphone,2012
Australia,Electronics,Cellphone,2013
Australia,Electronics,Cellphone,2010
Australia,Electronics,Cellphone,2011
Australia,Electronics,Cellphone,2012
Australia,Electronics,Cellphone,2013
Australia,Electronics,Cellphone,2010
Australia,Electronics,Cellphone,2011
Australia,Electronics,Cellphone,2012
Australia,Electronics,Cellphone,2013
Australia,Home & Furniture,Beds,2011
Australia,Home & Furniture,Beds,2012
Australia,Home & Furniture,Beds,2013
Australia,Home & Furniture,Beds,2010
Australia,Home & Furniture,Beds,2011
Australia,Home & Furniture,Beds,2012
Australia,Home & Furniture,Beds,2013
Australia,Personal Care,Make up,2010
Australia,Personal Care,Make up,2011
Australia,Personal Care,Make up,2012
Australia,Personal Care,Make up,2013
Australia,Personal Care,Make up,2010
Australia,Personal Care,Make up,2011
Australia,Personal Care,Make up,2012
Australia,Personal Care,Make up,2013
Australia,Home & Furniture,Beds,2010
Australia,Home & Furniture,Beds,2011
Australia,Home & Furniture,Beds,2012
Australia,Home & Furniture,Beds,2013
Australia,Home & Furniture,Beds,2010
Australia,Home & Furniture,Beds,2011
Australia,Home & Furniture,Beds,2012
Australia,Home & Furniture,Beds,2013
Australia,Home & Furniture,Beds,2010
Australia,Home & Furniture,Beds,2011
Australia,Home & Furniture,Beds,2012
Australia,Home & Furniture,Beds,2013
Australia,Home & Furniture,Beds,2010
Australia,Home & Furniture,Beds,2011
Australia,Home & Furniture,Beds,2012
Australia,Home & Furniture,Beds,2013
Australia,Fashion,Clothing,2010
Australia,Fashion,Clothing,2011
Australia,Fashion,Clothing,2012
Australia,Fashion,Clothing,2013
Australia,Fashion,Clothing,2010
Australia,Fashion,Clothing,2011
Australia,Fashion,Clothing,2012
Australia,Fashion,Clothing,2013
Australia,Fashion,Clothing,2010
Australia,Fashion,Clothing,2011
Australia,Fashion,Clothing,2012
Australia,Fashion,Clothing,2013
Australia,Fashion,Clothing,2010
Australia,Fashion,Clothing,2011
Australia,Fashion,Clothing,2012
Australia,Fashion,Clothing,2013
Australia,Fashion,Clothing,2010
Australia,Fashion,Clothing,2011
Australia,Fashion,Clothing,2012
Australia,Fashion,Clothing,2013
Australia,Fashion,Clothing,2010
Australia,Fashion,Clothing,2011
Australia,Fashion,Clothing,2012
Australia,Fashion,Clothing,2013
Australia,Electronics,Cellphone,2010
Australia,Electronics,Cellphone,2011
Australia,Electronics,Cellphone,2012
Australia,Electronics,Laptop,2013
Australia,Electronics,Laptop,2010
Australia,Electronics,Laptop,2011
Australia,Electronics,Laptop,2012
Australia,Electronics,Laptop,2013
Australia,Electronics,Laptop,2010
Australia,Electronics,Laptop,2011
Australia,Electronics,Laptop,2012
Australia,Electronics,Laptop,2013
Australia,Electronics,Laptop,2010
Australia,Electronics,Laptop,2011
Australia,Electronics,Laptop,2012
Australia,Electronics,Laptop,2013
Australia,Home & Furniture,Beds,2010
Australia,Home & Furniture,Beds,2011
Australia,Home & Furniture,Beds,2012
Australia,Home & Furniture,Beds,2013
Australia,Home & Furniture,Beds,2010
Australia,Home & Furniture,Beds,2011
Australia,Home & Furniture,Beds,2012
Australia,Home & Furniture,Beds,2013
Australia,Home & Furniture,Beds,2010
Australia,Home & Furniture,Beds,2011
Australia,Home & Furniture,Sofas,2012
Australia,Home & Furniture,Sofas,2013
Australia,Home & Furniture,Sofas,2010
Australia,Home & Furniture,Sofas,2011
Australia,Home & Furniture,Sofas,2012
Australia,Home & Furniture,Sofas,2013
Australia,Home & Furniture,Sofas,2010
Australia,Home & Furniture,Sofas,2011
Australia,Home & Furniture,Sofas,2012
Australia,Home & Furniture,Sofas,2013
Australia,Home & Furniture,Sofas,2010
Australia,Home & Furniture,Sofas,2011
Australia,Home & Furniture,Sofas,2012
Australia,Home & Furniture,Sofas,2013
Australia,Home & Furniture,Sofas,2010
Australia,Home & Furniture,Sofas,2011
Australia,Home & Furniture,Sofas,2012
Australia,Home & Furniture,Sofas,2013
Australia,Home & Furniture,Sofas,2010
Australia,Home & Furniture,Sofas,2011
Australia,Home & Furniture,Sofas,2012
Australia,Home & Furniture,Sofas,2013
Australia,Sports,Cricket,2010
Australia,Sports,Cricket,2011
Australia,Sports,Cricket,2012
Australia,Sports,Cricket,2013
Australia,Sports,Cricket,2010
Australia,Sports,Cricket,2011
Australia,Sports,Cricket,2012
Australia,Sports,Cricket,2013
Australia,Sports,Cricket,2010
Australia,Sports,Cricket,2011
Australia,Sports,Cricket,2012
Australia,Sports,Cricket,2013
Australia,Sports,Cricket,2010
Australia,Sports,Cricket,2011
Australia,Sports,Cricket,2012
Australia,Sports,Cricket,2013
Australia,Sports,Cricket,2010
Australia,Sports,Cricket,2011
Australia,Sports,Cricket,2012
Australia,Sports,Cricket,2013
Australia,Sports,Cricket,2010
Australia,Sports,Cricket,2011
Australia,Sports,Cricket,2012
Australia,Sports,Cricket,2013
Australia,Sports,Cricket,2010
Australia,Sports,Cricket,2011
Australia,Sports,Cricket,2012
Australia,Sports,Cricket,2013
Australia,Sports,Cricket,2010
Australia,Sports,Cricket,2011
Australia,Sports,Cricket,2012
Australia,Sports,Cricket,2013
India,Fashion,Clothing,2010
India,Fashion,Clothing,2011
India,Fashion,Clothing,2012
India,Fashion,Clothing,2013
India,Fashion,Clothing,2010
India,Fashion,Clothing,2011
India,Fashion,Clothing,2012
India,Fashion,Clothing,2013
India,Fashion,Clothing,2010
India,Fashion,Clothing,2011
India,Fashion,Clothing,2012
India,Fashion,Clothing,2013
India,Fashion,Clothing,2010
India,Fashion,Clothing,2011
India,Fashion,Clothing,2012
India,Fashion,Clothing,2013
India,Electronics,Laptop,2010
India,Electronics,Laptop,2011
India,Electronics,Laptop,2012
India,Electronics,Laptop,2013
India,Electronics,Laptop,2010
India,Electronics,Laptop,2011
India,Electronics,Laptop,2012
India,Electronics,Laptop,2013
India,Fashion,Clothing,2010
India,Fashion,Clothing,2011
India,Fashion,Footwear,2012
India,Fashion,Footwear,2013
India,Fashion,Footwear,2010
India,Fashion,Footwear,2011
India,Fashion,Footwear,2012
India,Fashion,Footwear,2013
India,Fashion,Footwear,2010
India,Fashion,Footwear,2011
India,Fashion,Footwear,2012
India,Fashion,Footwear,2013
India,Fashion,Footwear,2010
India,Fashion,Footwear,2011
India,Fashion,Footwear,2012
India,Fashion,Footwear,2013
India,Electronics,Laptop,2010
India,Electronics,Laptop,2011
India,Electronics,Laptop,2012
India,Electronics,Laptop,2013
India,Electronics,Laptop,2010
India,Electronics,Laptop,2011
India,Electronics,Laptop,2012
India,Electronics,Laptop,2013
India,Electronics,Laptop,2010
India,Electronics,Laptop,2011
India,Electronics,Laptop,2012
India,Electronics,Laptop,2013
India,Electronics,Laptop,2010
India,Electronics,Laptop,2011
India,Electronics,Laptop,2012
India,Electronics,Laptop,2013
India,Home & Furniture,Sofas,2010
India,Home & Furniture,Sofas,2011
India,Home & Furniture,Sofas,2012
India,Home & Furniture,Sofas,2013
India,Home & Furniture,Sofas,2010
India,Home & Furniture,Sofas,2011
India,Home & Furniture,Sofas,2012
India,Home & Furniture,Sofas,2013
India,Home & Furniture,Sofas,2010
India,Home & Furniture,Sofas,2011
India,Home & Furniture,Sofas,2012
India,Home & Furniture,Sofas,2013
India,Home & Furniture,Sofas,2010
India,Home & Furniture,Sofas,2011
India,Home & Furniture,Sofas,2012
India,Home & Furniture,Sofas,2013
India,Home & Furniture,Sofas,2010
India,Home & Furniture,Sofas,2011
India,Home & Furniture,Sofas,2012
India,Home & Furniture,Sofas,2013
India,Home & Furniture,Sofas,2010
India,Home & Furniture,Sofas,2011
India,Home & Furniture,Sofas,2012
India,Home & Furniture,Sofas,2013
India,Home & Furniture,Sofas,2010
India,Home & Furniture,Sofas,2011
India,Home & Furniture,Sofas,2012
India,Home & Furniture,Sofas,2013
India,Home & Furniture,Sofas,2010
India,Home & Furniture,Sofas,2011
India,Home & Furniture,Sofas,2012
India,Home & Furniture,Sofas,2013
India,Fashion,Footwear,2010
India,Fashion,Footwear,2011
India,Fashion,Footwear,2012
India,Fashion,Footwear,2013
India,Fashion,Footwear,2010
India,Fashion,Footwear,2011
India,Fashion,Footwear,2012
India,Fashion,Footwear,2013
India,Fashion,Footwear,2010
India,Fashion,Footwear,2011
India,Fashion,Footwear,2012
India,Fashion,Footwear,2013
India,Fashion,Footwear,2010
India,Fashion,Footwear,2011
India,Fashion,Footwear,2012
India,Fashion,Footwear,2013
India,Personal Care,Make up,2010
India,Personal Care,Make up,2011
India,Personal Care,Make up,2012
India,Personal Care,Make up,2013
India,Personal Care,Make up,2010
India,Personal Care,Make up,2011
India,Personal Care,Make up,2012
India,Personal Care,Make up,2013
India,Personal Care,Make up,2010
India,Personal Care,Make up,2011
India,Personal Care,Make up,2012
India,Personal Care,Make up,2013
India,Personal Care,Make up,2010
India,Personal Care,Make up,2011
India,Personal Care,Make up,2012
India,Personal Care,Make up,2013
India,Fashion,Footwear,2010
India,Fashion,Footwear,2011
India,Fashion,Footwear,2012
India,Fashion,Footwear,2013
India,Fashion,Footwear,2010
India,Fashion,Footwear,2011
India,Fashion,Footwear,2012
India,Fashion,Footwear,2013
India,Fashion,Footwear,2010
India,Fashion,Footwear,2011
India,Fashion,Footwear,2012
India,Fashion,Footwear,2013
India,Fashion,Footwear,2010
India,Fashion,Footwear,2011
India,Fashion,Footwear,2012
India,Fashion,Footwear,2013
India,Electronics,Laptop,2010
India,Electronics,Laptop,2011
India,Electronics,Laptop,2012
India,Electronics,Laptop,2013
India,Electronics,Laptop,2010
India,Electronics,Laptop,2011
India,Electronics,Laptop,2012
India,Electronics,Laptop,2013
India,Electronics,Laptop,2010
India,Electronics,Laptop,2011
India,Electronics,Laptop,2012
India,Electronics,Laptop,2013
India,Electronics,Television,2010
India,Electronics,Television,2011
India,Electronics,Television,2012
India,Electronics,Television,2013
India,Home & Furniture,Sofas,2010
India,Home & Furniture,Sofas,2011
India,Home & Furniture,Sofas,2012
India,Home & Furniture,Sofas,2013
India,Home & Furniture,Sofas,2010
India,Home & Furniture,Sofas,2011
India,Home & Furniture,Sofas,2012
India,Home & Furniture,Sofas,2013
India,Home & Furniture,Sofas,2010
India,Home & Furniture,Sofas,2011
India,Home & Furniture,Sofas,2012
India,Home & Furniture,Sofas,2013
India,Home & Furniture,Sofas,2010
India,Home & Furniture,Sofas,2011
India,Home & Furniture,Sofas,2012
India,Home & Furniture,Sofas,2013
India,Home & Furniture,Sofas,2010
India,Home & Furniture,Sofas,2011
India,Home & Furniture,Sofas,2012
India,Home & Furniture,Dining Tables,2013
India,Home & Furniture,Dining Tables,2010
India,Home & Furniture,Dining Tables,2011
India,Home & Furniture,Dining Tables,2012
India,Home & Furniture,Dining Tables,2013
India,Home & Furniture,Dining Tables,2010
India,Home & Furniture,Dining Tables,2011
India,Home & Furniture,Dining Tables,2012
India,Home & Furniture,Dining Tables,2013
India,Home & Furniture,Dining Tables,2010
India,Home & Furniture,Dining Tables,2011
India,Home & Furniture,Dining Tables,2012
India,Home & Furniture,Dining Tables,2013
India,Sports,Cricket,2010
India,Sports,Cricket,2011
India,Sports,Cricket,2012
India,Sports,Cricket,2013
India,Sports,Cricket,2010
India,Sports,Cricket,2011
India,Sports,Cricket,2012
India,Sports,Cricket,2013
India,Sports,Cricket,2010
India,Sports,Cricket,2011
India,Sports,Cricket,2012
India,Sports,Cricket,2013
India,Sports,Cricket,2010
India,Sports,Cricket,2011
India,Sports,Cricket,2012
India,Sports,Cricket,2013
India,Sports,Cricket,2010
India,Sports,Cricket,2011
India,Sports,Cricket,2012
India,Sports,Cricket,2013
India,Sports,Cricket,2010
India,Sports,Cricket,2011
India,Sports,Cricket,2012
India,Sports,Cricket,2013
India,Sports,Cricket,2010
India,Sports,Cricket,2011
India,Sports,Cricket,2012
India,Sports,Cricket,2013
India,Sports,Cricket,2010
India,Sports,Cricket,2011
India,Sports,Badminton,2012
India,Sports,Badminton,2013
Japan,Fashion,Footwear,2010
Japan,Fashion,Footwear,2011
Japan,Fashion,Footwear,2012
Japan,Fashion,Footwear,2013
Japan,Fashion,Footwear,2010
Japan,Fashion,Footwear,2011
Japan,Fashion,Footwear,2012
Japan,Fashion,Footwear,2013
Japan,Electronics,Television,2010
Japan,Electronics,Television,2011
Japan,Electronics,Television,2012
Japan,Electronics,Television,2013
Japan,Electronics,Television,2010
Japan,Electronics,Television,2011
Japan,Electronics,Television,2012
Japan,Electronics,Television,2013
Japan,Fashion,Footwear,2010
Japan,Fashion,Footwear,2011
Japan,Fashion,Footwear,2012
Japan,Fashion,Footwear,2013
Japan,Fashion,Footwear,2010
Japan,Fashion,Footwear,2011
Japan,Fashion,Footwear,2012
Japan,Fashion,Footwear,2013
Japan,Fashion,Footwear,2010
Japan,Fashion,Footwear,2011
Japan,Fashion,Footwear,2012
Japan,Fashion,Footwear,2013
Japan,Fashion,Footwear,2010
Japan,Fashion,Footwear,2011
Japan,Fashion,Footwear,2012
Japan,Fashion,Footwear,2013
Japan,Electronics,Television,2010
Japan,Electronics,Television,2011
Japan,Electronics,Television,2012
Japan,Electronics,Television,2013
Japan,Electronics,Television,2010
Japan,Electronics,Television,2011
Japan,Electronics,Television,2012
Japan,Electronics,Television,2013
Japan,Electronics,Television,2010
Japan,Electronics,Television,2011
Japan,Electronics,Television,2012
Japan,Electronics,Television,2013
Japan,Home & Furniture,Dining Tables,2010
Japan,Home & Furniture,Dining Tables,2011
Japan,Home & Furniture,Dining Tables,2012
Japan,Home & Furniture,Dining Tables,2013
Japan,Home & Furniture,Dining Tables,2010
Japan,Home & Furniture,Dining Tables,2011
Japan,Home & Furniture,Dining Tables,2012
Japan,Home & Furniture,Dining Tables,2013
Japan,Personal Care,Make up,2010
Japan,Personal Care,Make up,2011
Japan,Personal Care,Make up,2012
Japan,Personal Care,Make up,2013
Japan,Personal Care,Make up,2010
Japan,Personal Care,Make up,2011
Japan,Personal Care,Make up,2012
Japan,Personal Care,Make up,2013
Japan,Home & Furniture,Dining Tables,2010
Japan,Home & Furniture,Dining Tables,2011
Japan,Home & Furniture,Dining Tables,2012
Japan,Home & Furniture,Dining Tables,2013
Japan,Home & Furniture,Dining Tables,2010
Japan,Home & Furniture,Dining Tables,2011
Japan,Home & Furniture,Dining Tables,2012
Japan,Home & Furniture,Dining Tables,2013
Japan,Home & Furniture,Dining Tables,2010
Japan,Home & Furniture,Dining Tables,2011
Japan,Home & Furniture,Dining Tables,2012
Japan,Home & Furniture,Dining Tables,2013
Japan,Home & Furniture,Dining Tables,2010
Japan,Home & Furniture,Dining Tables,2011
Japan,Home & Furniture,Dining Tables,2012
Japan,Home & Furniture,Dining Tables,2013
Japan,Fashion,Footwear,2010
Japan,Fashion,Footwear,2011
Japan,Fashion,Footwear,2012
Japan,Fashion,Footwear,2013
Japan,Fashion,Footwear,2010
Japan,Fashion,Footwear,2011
Japan,Fashion,Footwear,2012
Japan,Fashion,Footwear,2013
Japan,Fashion,Footwear,2010
Japan,Fashion,Footwear,2011
Japan,Fashion,Footwear,2012
Japan,Fashion,Footwear,2013
Japan,Fashion,Footwear,2010
Japan,Fashion,Footwear,2011
Japan,Fashion,Footwear,2012
Japan,Fashion,Footwear,2013
Japan,Personal Care,Make up,2010
Japan,Personal Care,Make up,2011
Japan,Personal Care,Make up,2012
Japan,Personal Care,Make up,2013
Japan,Personal Care,Make up,2010
Japan,Personal Care,Make up,2011
Japan,Personal Care,Make up,2012
Japan,Personal Care,Make up,2013
Japan,Fashion,Footwear,2010
Japan,Fashion,Footwear,2011
Japan,Fashion,Footwear,2012
Japan,Fashion,Footwear,2013
Japan,Fashion,Footwear,2010
Japan,Fashion,Footwear,2011
Japan,Fashion,Footwear,2012
Japan,Fashion,Footwear,2013
Japan,Fashion,Accessories,2010
Japan,Fashion,Accessories,2011
Japan,Fashion,Accessories,2012
Japan,Fashion,Accessories,2013
Japan,Fashion,Accessories,2010
Japan,Fashion,Accessories,2011
Japan,Fashion,Accessories,2012
Japan,Fashion,Accessories,2013
Japan,Electronics,Television,2010
Japan,Electronics,Television,2011
Japan,Electronics,Television,2012
Japan,Electronics,Television,2013
Japan,Electronics,Television,2010
Japan,Electronics,Television,2011
Japan,Electronics,Television,2012
Japan,Electronics,Television,2013
Japan,Electronics,Television,2010
Japan,Electronics,Television,2011
Japan,Electronics,Television,2012
Japan,Electronics,Television,2013
Japan,Electronics,Television,2010
Japan,Electronics,Television,2011
Japan,Electronics,Television,2012
Japan,Electronics,Television,2013
Japan,Home & Furniture,Dining Tables,2010
Japan,Home & Furniture,Dining Tables,2011
Japan,Home & Furniture,Dining Tables,2012
Japan,Home & Furniture,Dining Tables,2013
Japan,Home & Furniture,Dining Tables,2010
Japan,Home & Furniture,Dining Tables,2011
Japan,Home & Furniture,Dining Tables,2012
Japan,Home & Furniture,Dining Tables,2013
Japan,Home & Furniture,Dining Tables,2010
Japan,Home & Furniture,Dining Tables,2011
Japan,Home & Furniture,Dining Tables,2012
Japan,Home & Furniture,Dining Tables,2013
Japan,Home & Furniture,Dining Tables,2010
Japan,Home & Furniture,Dining Tables,2011
Japan,Home & Furniture,Dining Tables,2012
Japan,Home & Furniture,Dining Tables,2013
Japan,Home & Furniture,Dining Tables,2010
Japan,Home & Furniture,Dining Tables,2011
Japan,Home & Furniture,Dining Tables,2012
Japan,Home & Furniture,Dining Tables,2013
Japan,Home & Furniture,Dining Tables,2010
Japan,Home & Furniture,Dining Tables,2011
Japan,Home & Furniture,Dining Tables,2012
Japan,Home & Furniture,Dining Tables,2013
Japan,Sports,Badminton,2010
Japan,Sports,Badminton,2011
Japan,Sports,Badminton,2012
Japan,Sports,Badminton,2013
Japan,Sports,Badminton,2010
Japan,Sports,Badminton,2011
Japan,Sports,Badminton,2012
Japan,Sports,Badminton,2013
Japan,Sports,Badminton,2010
Japan,Sports,Badminton,2011
Japan,Sports,Badminton,2012
Japan,Sports,Badminton,2013
Japan,Sports,Badminton,2010
Japan,Sports,Badminton,2011
Japan,Sports,Badminton,2012
Japan,Sports,Badminton,2013
Japan,Sports,Badminton,2010
Japan,Sports,Badminton,2011
Japan,Sports,Badminton,2012
Japan,Sports,Badminton,2013
Japan,Sports,Badminton,2010
Japan,Sports,Badminton,2011
Japan,Sports,Badminton,2012
Japan,Sports,Badminton,2013
Japan,Sports,Badminton,2010
Japan,Sports,Badminton,2011
Japan,Sports,Badminton,2012
Japan,Sports,Badminton,2013
Japan,Sports,Badminton,2010
Japan,Sports,Badminton,2011
Japan,Sports,Badminton,2012
Japan,Sports,Badminton,2013
Japan,Sports,Badminton,2010
Japan,Sports,Badminton,2011
Japan,Sports,Badminton,2012
Japan,Sports,Badminton,2013
Japan,Sports,Badminton,2010
Japan,Sports,Badminton,2011
Japan,Sports,Badminton,2012
Japan,Sports,Badminton,2013
Nepal,Fashion,Accessories,2010
Nepal,Fashion,Accessories,2011
Nepal,Fashion,Accessories,2012
Nepal,Fashion,Accessories,2013
Nepal,Fashion,Accessories,2010
Nepal,Fashion,Accessories,2011
Nepal,Fashion,Accessories,2012
Nepal,Fashion,Accessories,2013
Nepal,Fashion,Accessories,2010
Nepal,Fashion,Accessories,2011
Nepal,Fashion,Accessories,2012
Nepal,Fashion,Accessories,2013
Nepal,Electronics,Television,2010
Nepal,Electronics,Television,2011
Nepal,Electronics,Television,2012
Nepal,Electronics,Television,2013
Nepal,Fashion,Accessories,2010
Nepal,Fashion,Accessories,2011
Nepal,Fashion,Accessories,2012
Nepal,Fashion,Accessories,2013
Nepal,Fashion,Accessories,2010
Nepal,Fashion,Accessories,2011
Nepal,Fashion,Accessories,2012
Nepal,Fashion,Accessories,2013
Nepal,Fashion,Accessories,2010
Nepal,Fashion,Accessories,2011
Nepal,Fashion,Accessories,2012
Nepal,Fashion,Accessories,2013
Nepal,Fashion,Accessories,2010
Nepal,Fashion,Accessories,2011
Nepal,Fashion,Accessories,2012
Nepal,Fashion,Accessories,2013
Nepal,Home & Furniture,Dining Tables,2010
Nepal,Home & Furniture,Dining Tables,2011
Nepal,Home & Furniture,Dining Tables,2012
Nepal,Home & Furniture,Dining Tables,2013
Nepal,Home & Furniture,Dining Tables,2010
Nepal,Home & Furniture,Dining Tables,2011
Nepal,Home & Furniture,Dining Tables,2012
Nepal,Home & Furniture,Dining Tables,2013
Nepal,Home & Furniture,Dining Tables,2010
Nepal,Home & Furniture,Dining Tables,2011
Nepal,Home & Furniture,Dining Tables,2012
Nepal,Home & Furniture,Dining Tables,2013
Nepal,Home & Furniture,Dining Tables,2010
Nepal,Home & Furniture,Dining Tables,2011
Nepal,Home & Furniture,Dining Tables,2012
Nepal,Home & Furniture,Dining Tables,2013
Nepal,Home & Furniture,Dining Tables,2010
Nepal,Home & Furniture,Dining Tables,2011
Nepal,Home & Furniture,Dining Tables,2012
Nepal,Home & Furniture,Dining Tables,2013
Nepal,Home & Furniture,Dining Tables,2010
Nepal,Home & Furniture,Dining Tables,2011
Nepal,Home & Furniture,Dining Tables,2012
Nepal,Home & Furniture,Dining Tables,2013
Nepal,Home & Furniture,Dining Tables,2010
Nepal,Home & Furniture,Dining Tables,2011
Nepal,Home & Furniture,Dining Tables,2012
Nepal,Home & Furniture,Dining Tables,2013
Nepal,Home & Furniture,Dining Tables,2010
Nepal,Home & Furniture,Dining Tables,2011
Nepal,Home & Furniture,Dining Tables,2012
Nepal,Home & Furniture,Dining Tables,2013
Nepal,Fashion,Accessories,2010
Nepal,Fashion,Accessories,2011
Nepal,Fashion,Accessories,2012
Nepal,Fashion,Accessories,2013
Nepal,Fashion,Accessories,2010
Nepal,Fashion,Accessories,2011
Nepal,Fashion,Accessories,2012
Nepal,Fashion,Accessories,2013
Nepal,Fashion,Accessories,2010
Nepal,Fashion,Accessories,2011
Nepal,Fashion,Accessories,2012
Nepal,Fashion,Accessories,2013
Nepal,Fashion,Accessories,2010
Nepal,Fashion,Accessories,2011
Nepal,Fashion,Accessories,2012
Nepal,Fashion,Accessories,2013
Nepal,Personal Care,Make up,2010
Nepal,Personal Care,Make up,2011
Nepal,Personal Care,Make up,2012
Nepal,Personal Care,Make up,2013
Nepal,Personal Care,Make up,2010
Nepal,Personal Care,Make up,2011
Nepal,Personal Care,Make up,2012
Nepal,Personal Care,Make up,2013
Nepal,Personal Care,Make up,2010
Nepal,Personal Care,Make up,2011
Nepal,Personal Care,Make up,2012
Nepal,Personal Care,Make up,2013
Nepal,Personal Care,Make up,2010
Nepal,Personal Care,Make up,2011
Nepal,Personal Care,Make up,2012
Nepal,Personal Care,Make up,2013
Nepal,Fashion,Accessories,2010
Nepal,Fashion,Accessories,2011
Nepal,Fashion,Accessories,2012
Nepal,Fashion,Accessories,2013
Nepal,Fashion,Accessories,2010
Nepal,Fashion,Accessories,2011
Nepal,Fashion,Accessories,2012
Nepal,Fashion,Accessories,2013
Nepal,Fashion,Accessories,2010
Nepal,Fashion,Accessories,2011
Nepal,Fashion,Accessories,2012
Nepal,Fashion,Accessories,2013
Nepal,Fashion,Accessories,2010
Nepal,Fashion,Accessories,2011
Nepal,Fashion,Accessories,2012
Nepal,Fashion,Accessories,2013
Nepal,Electronics,Television,2010
Nepal,Electronics,Television,2011
Nepal,Electronics,Television,2012
Nepal,Electronics,Television,2013
Nepal,Electronics,Television,2010
Nepal,Electronics,Television,2011
Nepal,Electronics,Television,2012
Nepal,Electronics,Television,2013
Nepal,Electronics,Television,2010
Nepal,Electronics,Television,2011
Nepal,Electronics,Television,2012
Nepal,Electronics,Television,2013
Nepal,Electronics,Television,2010
Nepal,Electronics,Television,2011
Nepal,Electronics,Television,2012
Nepal,Electronics,Television,2013
Nepal,Home & Furniture,Dining Tables,2010
Nepal,Home & Furniture,Dining Tables,2011
Nepal,Home & Furniture,Dining Tables,2012
Nepal,Home & Furniture,Dining Tables,2013
Nepal,Home & Furniture,Dining Tables,2010
Nepal,Home & Furniture,Almirahs,2011
Nepal,Home & Furniture,Almirahs,2012
Nepal,Home & Furniture,Almirahs,2013
Nepal,Home & Furniture,Almirahs,2010
Nepal,Home & Furniture,Almirahs,2011
Nepal,Home & Furniture,Almirahs,2012
Nepal,Home & Furniture,Almirahs,2013
Nepal,Home & Furniture,Almirahs,2010
Nepal,Home & Furniture,Almirahs,2011
Nepal,Home & Furniture,Almirahs,2012
Nepal,Home & Furniture,Almirahs,2013
Nepal,Home & Furniture,Almirahs,2010
Nepal,Home & Furniture,Almirahs,2011
Nepal,Home & Furniture,Almirahs,2012
Nepal,Home & Furniture,Almirahs,2013
Nepal,Home & Furniture,Almirahs,2010
Nepal,Home & Furniture,Almirahs,2011
Nepal,Home & Furniture,Almirahs,2012
Nepal,Home & Furniture,Almirahs,2013
Nepal,Home & Furniture,Almirahs,2010
Nepal,Home & Furniture,Almirahs,2011
Nepal,Home & Furniture,Almirahs,2012
Nepal,Home & Furniture,Almirahs,2013
Nepal,Home & Furniture,Almirahs,2010
Nepal,Home & Furniture,Almirahs,2011
Nepal,Home & Furniture,Almirahs,2012
Nepal,Home & Furniture,Almirahs,2013
Nepal,Sports,Badminton,2010
Nepal,Sports,Badminton,2011
Nepal,Sports,Badminton,2012
Nepal,Sports,Badminton,2013
Nepal,Sports,Badminton,2010
Nepal,Sports,Badminton,2011
Nepal,Sports,Badminton,2012
Nepal,Sports,Badminton,2013
Nepal,Sports,Badminton,2010
Nepal,Sports,Badminton,2011
Nepal,Sports,Badminton,2012
Nepal,Sports,Badminton,2013
Nepal,Sports,Badminton,2010
Nepal,Sports,Badminton,2011
Nepal,Sports,Badminton,2012
Nepal,Sports,Badminton,2013
Nepal,Sports,Badminton,2010
Nepal,Sports,Badminton,2011
Nepal,Sports,Badminton,2012
Nepal,Sports,Badminton,2013
Nepal,Sports,Badminton,2010
Nepal,Sports,Badminton,2011
Nepal,Sports,Badminton,2012
Nepal,Sports,Badminton,2013
Pakistan,Fashion,Accessories,2010
Pakistan,Fashion,Accessories,2011
Pakistan,Fashion,Accessories,2012
Pakistan,Fashion,Accessories,2013
Pakistan,Fashion,Accessories,2010
Pakistan,Fashion,Accessories,2011
Pakistan,Fashion,Accessories,2012
Pakistan,Fashion,Accessories,2013
Pakistan,Fashion,Accessories,2010
Pakistan,Fashion,Accessories,2011
Pakistan,Fashion,Accessories,2012
Pakistan,Fashion,Accessories,2013
Pakistan,Fashion,Accessories,2010
Pakistan,Fashion,Accessories,2011
Pakistan,Fashion,Accessories,2012
Pakistan,Fashion,Accessories,2013
Pakistan,Electronics,Television,2010
Pakistan,Electronics,Television,2011
Pakistan,Electronics,Television,2012
Pakistan,Electronics,Television,2013
Pakistan,Electronics,Television,2010
Pakistan,Electronics,Television,2011
Pakistan,Electronics,Television,2012
Pakistan,Electronics,Television,2013
Pakistan,Electronics,Television,2010
Pakistan,Electronics,Television,2011
Pakistan,Electronics,Television,2012
Pakistan,Electronics,Television,2013
Pakistan,Electronics,Television,2010
Pakistan,Electronics,Television,2011
Pakistan,Electronics,Television,2012
Pakistan,Electronics,Television,2013
Pakistan,Electronics,Television,2010
Pakistan,Electronics,Television,2011
Pakistan,Electronics,Air Conditioner,2012
Pakistan,Electronics,Air Conditioner,2013
Pakistan,Electronics,Air Conditioner,2010
Pakistan,Electronics,Air Conditioner,2011
Pakistan,Electronics,Air Conditioner,2012
Pakistan,Electronics,Air Conditioner,2013
Pakistan,Home & Furniture,Almirahs,2010
Pakistan,Home & Furniture,Almirahs,2011
Pakistan,Home & Furniture,Almirahs,2012
Pakistan,Home & Furniture,Almirahs,2013
Pakistan,Home & Furniture,Almirahs,2010
Pakistan,Home & Furniture,Almirahs,2011
Pakistan,Home & Furniture,Almirahs,2012
Pakistan,Home & Furniture,Almirahs,2013
Pakistan,Home & Furniture,Almirahs,2010
Pakistan,Home & Furniture,Almirahs,2011
Pakistan,Home & Furniture,Almirahs,2012
Pakistan,Home & Furniture,Almirahs,2013
Pakistan,Home & Furniture,Almirahs,2010
Pakistan,Home & Furniture,Almirahs,2011
Pakistan,Home & Furniture,Almirahs,2012
Pakistan,Home & Furniture,Almirahs,2013
Pakistan,Personal Care,Make up,2010
Pakistan,Personal Care,Make up,2011
Pakistan,Personal Care,Make up,2012
Pakistan,Personal Care,Make up,2013
Pakistan,Personal Care,Make up,2010
Pakistan,Personal Care,Make up,2011
Pakistan,Personal Care,Make up,2012
Pakistan,Personal Care,Make up,2013
Pakistan,Personal Care,Make up,2010
Pakistan,Personal Care,Make up,2011
Pakistan,Personal Care,Make up,2012
Pakistan,Personal Care,Make up,2013
Pakistan,Personal Care,Make up,2010
Pakistan,Personal Care,Make up,2011
Pakistan,Personal Care,Make up,2012
Pakistan,Personal Care,Make up,2013
Pakistan,Home & Furniture,Almirahs,2010
Pakistan,Home & Furniture,Almirahs,2011
Pakistan,Home & Furniture,Almirahs,2012
Pakistan,Home & Furniture,Almirahs,2013
Pakistan,Home & Furniture,Almirahs,2010
Pakistan,Home & Furniture,Almirahs,2011
Pakistan,Home & Furniture,Almirahs,2012
Pakistan,Home & Furniture,Almirahs,2013
Pakistan,Home & Furniture,Almirahs,2010
Pakistan,Home & Furniture,Almirahs,2011
Pakistan,Home & Furniture,Almirahs,2012
Pakistan,Home & Furniture,Almirahs,2013
Pakistan,Home & Furniture,Almirahs,2010
Pakistan,Home & Furniture,Almirahs,2011
Pakistan,Home & Furniture,Almirahs,2012
Pakistan,Home & Furniture,Almirahs,2013
Pakistan,Fashion,Accessories,2010
Pakistan,Fashion,Accessories,2011
Pakistan,Fashion,Accessories,2012
Pakistan,Fashion,Accessories,2013
Pakistan,Fashion,Accessories,2010
Pakistan,Fashion,Accessories,2011
Pakistan,Fashion,Accessories,2012
Pakistan,Fashion,Accessories,2013
Pakistan,Fashion,Accessories,2010
Pakistan,Fashion,Accessories,2011
Pakistan,Fashion,Accessories,2012
Pakistan,Fashion,Accessories,2013
Pakistan,Fashion,Accessories,2010
Pakistan,Fashion,Accessories,2011
Pakistan,Fashion,Accessories,2012
Pakistan,Fashion,Accessories,2013
Pakistan,Personal Care,Make up,2010
Pakistan,Personal Care,Make up,2011
Pakistan,Personal Care,Make up,2012
Pakistan,Personal Care,Make up,2013
Pakistan,Personal Care,Make up,2010
Pakistan,Personal Care,Make up,2011
Pakistan,Personal Care,Make up,2012
Pakistan,Personal Care,Make up,2013
Pakistan,Personal Care,Make up,2010
Pakistan,Personal Care,Make up,2011
Pakistan,Personal Care,Make up,2012
Pakistan,Personal Care,Make up,2013
Pakistan,Personal Care,Make up,2010
Pakistan,Personal Care,Make up,2011
Pakistan,Personal Care,Make up,2012
Pakistan,Personal Care,Make up,2013
Pakistan,Fashion,Accessories,2010
Pakistan,Fashion,Accessories,2011
Pakistan,Fashion,Accessories,2012
Pakistan,Fashion,Accessories,2013
Pakistan,Fashion,Accessories,2010
Pakistan,Fashion,Accessories,2011
Pakistan,Fashion,Accessories,2012
Pakistan,Fashion,Accessories,2013
Pakistan,Fashion,Accessories,2010
Pakistan,Fashion,Accessories,2011
Pakistan,Fashion,Watches,2012
Pakistan,Fashion,Watches,2013
Pakistan,Fashion,Watches,2010
Pakistan,Fashion,Watches,2011
Pakistan,Fashion,Watches,2012
Pakistan,Fashion,Watches,2013
Pakistan,Electronics,Air Conditioner,2010
Pakistan,Electronics,Air Conditioner,2011
Pakistan,Electronics,Air Conditioner,2012
Pakistan,Electronics,Air Conditioner,2013
Pakistan,Electronics,Air Conditioner,2010
Pakistan,Electronics,Air Conditioner,2011
Pakistan,Electronics,Air Conditioner,2012
Pakistan,Electronics,Air Conditioner,2013
Pakistan,Electronics,Air Conditioner,2010
Pakistan,Electronics,Air Conditioner,2011
Pakistan,Electronics,Air Conditioner,2012
Pakistan,Electronics,Air Conditioner,2013
Pakistan,Electronics,Air Conditioner,2010
Pakistan,Electronics,Air Conditioner,2011
Pakistan,Electronics,Air Conditioner,2012
Pakistan,Electronics,Air Conditioner,2013
Pakistan,Home & Furniture,Almirahs,2010
Pakistan,Home & Furniture,Almirahs,2011
Pakistan,Home & Furniture,Almirahs,2012
Pakistan,Home & Furniture,Almirahs,2013
Pakistan,Home & Furniture,Almirahs,2010
Pakistan,Home & Furniture,Almirahs,2011
Pakistan,Home & Furniture,Almirahs,2012
Pakistan,Home & Furniture,Almirahs,2013
Pakistan,Home & Furniture,Almirahs,2010
Pakistan,Home & Furniture,Almirahs,2011
Pakistan,Home & Furniture,Almirahs,2012
Pakistan,Home & Furniture,Almirahs,2013
Pakistan,Home & Furniture,Almirahs,2010
Pakistan,Home & Furniture,Almirahs,2011
Pakistan,Home & Furniture,Almirahs,2012
Pakistan,Home & Furniture,Almirahs,2013
Pakistan,Sports,Badminton,2010
Pakistan,Sports,Badminton,2011
Pakistan,Sports,Badminton,2012
Pakistan,Sports,Badminton,2013
Pakistan,Sports,Badminton,2010
Pakistan,Sports,Badminton,2011
Pakistan,Sports,Badminton,2012
Pakistan,Sports,Badminton,2013
Pakistan,Sports,Badminton,2010
Pakistan,Sports,Badminton,2011
Pakistan,Sports,Badminton,2012
Pakistan,Sports,Badminton,2013
Pakistan,Sports,Badminton,2010
Pakistan,Sports,Badminton,2011
Pakistan,Sports,Badminton,2012
Pakistan,Sports,Badminton,2013
Pakistan,Sports,Badminton,2010
Pakistan,Sports,Gym Products,2011
Pakistan,Sports,Gym Products,2012
Pakistan,Sports,Gym Products,2013
Pakistan,Sports,Gym Products,2010
Pakistan,Sports,Gym Products,2011
Pakistan,Sports,Gym Products,2012
Pakistan,Sports,Gym Products,2013
United Kingdom,Fashion,Watches,2010
United Kingdom,Fashion,Watches,2011
United Kingdom,Fashion,Watches,2012
United Kingdom,Fashion,Watches,2013
United Kingdom,Fashion,Watches,2010
United Kingdom,Fashion,Watches,2011
United Kingdom,Fashion,Watches,2012
United Kingdom,Fashion,Watches,2013
United Kingdom,Fashion,Watches,2010
United Kingdom,Fashion,Watches,2011
United Kingdom,Fashion,Watches,2012
United Kingdom,Fashion,Watches,2013
United Kingdom,Fashion,Watches,2010
United Kingdom,Fashion,Watches,2011
United Kingdom,Fashion,Watches,2012
United Kingdom,Fashion,Watches,2013
United Kingdom,Electronics,Air Conditioner,2010
United Kingdom,Electronics,Air Conditioner,2011
United Kingdom,Electronics,Air Conditioner,2012
United Kingdom,Electronics,Air Conditioner,2013
United Kingdom,Electronics,Air Conditioner,2010
United Kingdom,Electronics,Air Conditioner,2011
United Kingdom,Electronics,Air Conditioner,2012
United Kingdom,Electronics,Air Conditioner,2013
United Kingdom,Fashion,Watches,2010
United Kingdom,Fashion,Watches,2011
United Kingdom,Fashion,Watches,2012
United Kingdom,Fashion,Watches,2013
United Kingdom,Fashion,Watches,2010
United Kingdom,Fashion,Watches,2011
United Kingdom,Fashion,Watches,2012
United Kingdom,Fashion,Watches,2013
United Kingdom,Fashion,Watches,2010
United Kingdom,Fashion,Watches,2011
United Kingdom,Fashion,Watches,2012
United Kingdom,Fashion,Watches,2013
United Kingdom,Fashion,Watches,2010
United Kingdom,Fashion,Watches,2011
United Kingdom,Fashion,Watches,2012
United Kingdom,Fashion,Watches,2013
United Kingdom,Electronics,Air Conditioner,2010
United Kingdom,Electronics,Air Conditioner,2011
United Kingdom,Electronics,Air Conditioner,2012
United Kingdom,Electronics,Air Conditioner,2013
United Kingdom,Electronics,Air Conditioner,2010
United Kingdom,Electronics,Air Conditioner,2011
United Kingdom,Electronics,Air Conditioner,2012
United Kingdom,Electronics,Air Conditioner,2013
United Kingdom,Electronics,Air Conditioner,2010
United Kingdom,Electronics,Air Conditioner,2011
United Kingdom,Electronics,Air Conditioner,2012
United Kingdom,Electronics,Air Conditioner,2013
United Kingdom,Electronics,Air Conditioner,2010
United Kingdom,Electronics,Air Conditioner,2011
United Kingdom,Electronics,Air Conditioner,2012
United Kingdom,Electronics,Air Conditioner,2013
United Kingdom,Home & Furniture,Almirahs,2010
United Kingdom,Home & Furniture,Almirahs,2011
United Kingdom,Home & Furniture,Almirahs,2012
United Kingdom,Home & Furniture,Almirahs,2013
United Kingdom,Home & Furniture,Dressing Table,2010
United Kingdom,Home & Furniture,Dressing Table,2011
United Kingdom,Home & Furniture,Dressing Table,2012
United Kingdom,Home & Furniture,Dressing Table,2013
United Kingdom,Home & Furniture,Dressing Table,2010
United Kingdom,Home & Furniture,Dressing Table,2011
United Kingdom,Home & Furniture,Dressing Table,2012
United Kingdom,Home & Furniture,Dressing Table,2013
United Kingdom,Home & Furniture,Dressing Table,2010
United Kingdom,Home & Furniture,Dressing Table,2011
United Kingdom,Home & Furniture,Dressing Table,2012
United Kingdom,Home & Furniture,Dressing Table,2013
United Kingdom,Home & Furniture,Dressing Table,2010
United Kingdom,Home & Furniture,Dressing Table,2011
United Kingdom,Home & Furniture,Dressing Table,2012
United Kingdom,Home & Furniture,Dressing Table,2013
United Kingdom,Home & Furniture,Dressing Table,2010
United Kingdom,Home & Furniture,Dressing Table,2011
United Kingdom,Home & Furniture,Dressing Table,2012
United Kingdom,Home & Furniture,Dressing Table,2013
United Kingdom,Fashion,Watches,2010
United Kingdom,Fashion,Watches,2011
United Kingdom,Fashion,Watches,2012
United Kingdom,Fashion,Watches,2013
United Kingdom,Fashion,Watches,2010
United Kingdom,Fashion,Watches,2011
United Kingdom,Fashion,Watches,2012
United Kingdom,Fashion,Watches,2013
United Kingdom,Fashion,Watches,2010
United Kingdom,Fashion,Watches,2011
United Kingdom,Fashion,Watches,2012
United Kingdom,Fashion,Watches,2013
United Kingdom,Fashion,Watches,2010
United Kingdom,Fashion,Watches,2011
United Kingdom,Fashion,Watches,2012
United Kingdom,Fashion,Watches,2013
United Kingdom,Personal Care,Make up,2010
United Kingdom,Personal Care,Make up,2011
United Kingdom,Personal Care,Make up,2012
United Kingdom,Personal Care,Make up,2013
United Kingdom,Personal Care,Make up,2010
United Kingdom,Personal Care,Make up,2011
United Kingdom,Personal Care,Make up,2012
United Kingdom,Personal Care,Make up,2013
United Kingdom,Personal Care,Make up,2010
United Kingdom,Personal Care,Make up,2011
United Kingdom,Personal Care,Make up,2012
United Kingdom,Personal Care,Make up,2013
United Kingdom,Personal Care,Make up,2010
United Kingdom,Personal Care,Make up,2011
United Kingdom,Personal Care,Make up,2012
United Kingdom,Personal Care,Make up,2013
United Kingdom,Fashion,Watches,2010
United Kingdom,Fashion,Watches,2011
United Kingdom,Fashion,Watches,2012
United Kingdom,Fashion,Watches,2013
United Kingdom,Fashion,Watches,2010
United Kingdom,Fashion,Watches,2011
United Kingdom,Fashion,Watches,2012
United Kingdom,Fashion,Watches,2013
United Kingdom,Fashion,Watches,2010
United Kingdom,Fashion,Watches,2011
United Kingdom,Fashion,Watches,2012
United Kingdom,Fashion,Watches,2013
United Kingdom,Fashion,Watches,2010
United Kingdom,Fashion,Watches,2011
United Kingdom,Fashion,Watches,2012
United Kingdom,Fashion,Watches,2013
United Kingdom,Electronics,Air Conditioner,2010
United Kingdom,Electronics,Air Conditioner,2011
United Kingdom,Electronics,Air Conditioner,2012
United Kingdom,Electronics,Air Conditioner,2013
United Kingdom,Electronics,Air Conditioner,2010
United Kingdom,Electronics,Air Conditioner,2011
United Kingdom,Electronics,Air Conditioner,2012
United Kingdom,Electronics,Air Conditioner,2013
United Kingdom,Electronics,Air Conditioner,2010
United Kingdom,Electronics,Air Conditioner,2011
United Kingdom,Electronics,Air Conditioner,2012
United Kingdom,Electronics,Air Conditioner,2013
United Kingdom,Electronics,Air Conditioner,2010
United Kingdom,Electronics,Air Conditioner,2011
United Kingdom,Electronics,Air Conditioner,2012
United Kingdom,Electronics,Air Conditioner,2013
United Kingdom,Home & Furniture,Mirrors,2010
United Kingdom,Home & Furniture,Mirrors,2011
United Kingdom,Home & Furniture,Mirrors,2012
United Kingdom,Home & Furniture,Mirrors,2013
United Kingdom,Home & Furniture,Mirrors,2010
United Kingdom,Home & Furniture,Mirrors,2011
United Kingdom,Home & Furniture,Mirrors,2012
United Kingdom,Home & Furniture,Mirrors,2013
United Kingdom,Home & Furniture,Mirrors,2010
United Kingdom,Home & Furniture,Mirrors,2011
United Kingdom,Home & Furniture,Mirrors,2012
United Kingdom,Home & Furniture,Mirrors,2013
United Kingdom,Home & Furniture,Mirrors,2010
United Kingdom,Home & Furniture,Mirrors,2011
United Kingdom,Home & Furniture,Mirrors,2012
United Kingdom,Home & Furniture,Mirrors,2013
United Kingdom,Home & Furniture,Mirrors,2010
United Kingdom,Home & Furniture,Mirrors,2011
United Kingdom,Home & Furniture,Mirrors,2012
United Kingdom,Home & Furniture,Mirrors,2013
United Kingdom,Home & Furniture,Mirrors,2010
United Kingdom,Home & Furniture,Mirrors,2011
United Kingdom,Home & Furniture,Mirrors,2012
United Kingdom,Home & Furniture,Mirrors,2013
United Kingdom,Home & Furniture,Curtains,2010
United Kingdom,Home & Furniture,Curtains,2011
United Kingdom,Home & Furniture,Curtains,2012
United Kingdom,Home & Furniture,Curtains,2013
United Kingdom,Home & Furniture,Curtains,2010
United Kingdom,Home & Furniture,Curtains,2011
United Kingdom,Home & Furniture,Curtains,2012
United Kingdom,Home & Furniture,Curtains,2013
United Kingdom,Sports,Gym Products,2010
United Kingdom,Sports,Gym Products,2011
United Kingdom,Sports,Gym Products,2012
United Kingdom,Sports,Gym Products,2013
United Kingdom,Sports,Gym Products,2010
United Kingdom,Sports,Gym Products,2011
United Kingdom,Sports,Gym Products,2012
United Kingdom,Sports,Gym Products,2013
United Kingdom,Sports,Gym Products,2010
United Kingdom,Sports,Gym Products,2011
United Kingdom,Sports,Gym Products,2012
United Kingdom,Sports,Gym Products,2013
United Kingdom,Sports,Gym Products,2010
United Kingdom,Sports,Gym Products,2011
United Kingdom,Sports,Gym Products,2012
United Kingdom,Sports,Gym Products,2013
United Kingdom,Sports,Gym Products,2010
United Kingdom,Sports,Gym Products,2011
United Kingdom,Sports,Gym Products,2012
United Kingdom,Sports,Gym Products,2013
United Kingdom,Sports,Gym Products,2010
United Kingdom,Sports,Gym Products,2011
United Kingdom,Sports,Gym Products,2012
United Kingdom,Sports,Gym Products,2013
United Kingdom,Sports,Gym Products,2010
United Kingdom,Sports,Gym Products,2011
United Kingdom,Sports,Gym Products,2012
United Kingdom,Sports,Gym Products,2013
United Kingdom,Sports,Gym Products,2010
United Kingdom,Sports,Gym Products,2011
United Kingdom,Sports,Gym Products,2012
United Kingdom,Sports,Gym Products,2013
United Kingdom,Sports,Gym Products,2010
United Kingdom,Sports,Gym Products,2011
United Kingdom,Sports,Gym Products,2012
United Kingdom,Sports,Gym Products,2013
United Kingdom,Sports,Gym Products,2010
United Kingdom,Sports,Gym Products,2011
United Kingdom,Sports,Gym Products,2012
United Kingdom,Sports,Gym Products,2013
United Kingdom,Sports,Gym Products,2010
United Kingdom,Sports,Gym Products,2011
United Kingdom,Sports,Gym Products,2012
United Kingdom,Sports,Gym Products,2013
United Kingdom,Sports,Gym Products,2010
United Kingdom,Sports,Gym Products,2011
United Kingdom,Sports,Gym Products,2012
United Kingdom,Sports,Gym Products,2013
United States of America,Fashion,Watches,2010
United States of America,Fashion,Watches,2011
United States of America,Fashion,Watches,2012
United States of America,Fashion,Watches,2013
United States of America,Fashion,Watches,2010
United States of America,Fashion,Watches,2011
United States of America,Fashion,Watches,2012
United States of America,Fashion,Watches,2013
United States of America,Fashion,Watches,2010
United States of America,Fashion,Watches,2011
United States of America,Fashion,Watches,2012
United States of America,Fashion,Watches,2013
United States of America,Electronics,Air Conditioner,2010
United States of America,Electronics,Air Conditioner,2011
United States of America,Electronics,Air Conditioner,2012
United States of America,Electronics,Air Conditioner,2013
United States of America,Electronics,Air Conditioner,2010
United States of America,Electronics,Air Conditioner,2011
United States of America,Electronics,Air Conditioner,2012
United States of America,Electronics,Air Conditioner,2013
United States of America,Fashion,Watches,2010
United States of America,Fashion,Watches,2011
United States of America,Fashion,Watches,2012
United States of America,Fashion,Watches,2013
United States of America,Fashion,Watches,2010
United States of America,Fashion,Watches,2011
United States of America,Fashion,Watches,2012
United States of America,Fashion,Watches,2013
United States of America,Fashion,Watches,2010
United States of America,Fashion,Watches,2011
United States of America,Fashion,Watches,2012
United States of America,Fashion,Watches,2013
United States of America,Fashion,Watches,2010
United States of America,Fashion,Watches,2011
United States of America,Fashion,Watches,2012
United States of America,Fashion,Watches,2013
United States of America,Electronics,Air Conditioner,2010
United States of America,Electronics,Air Conditioner,2011
United States of America,Electronics,Air Conditioner,2012
United States of America,Electronics,Air Conditioner,2013
United States of America,Electronics,Air Conditioner,2010
United States of America,Electronics,Air Conditioner,2011
United States of America,Electronics,Air Conditioner,2012
United States of America,Electronics,Air Conditioner,2013
United States of America,Electronics,Air Conditioner,2010
United States of America,Electronics,Air Conditioner,2011
United States of America,Electronics,Air Conditioner,2012
United States of America,Electronics,Air Conditioner,2013
United States of America,Electronics,Air Conditioner,2010
United States of America,Electronics,Air Conditioner,2011
United States of America,Electronics,Air Conditioner,2012
United States of America,Electronics,Refrigerator,2013
United States of America,Home & Furniture,Curtains,2010
United States of America,Home & Furniture,Curtains,2011
United States of America,Home & Furniture,Curtains,2012
United States of America,Home & Furniture,Curtains,2013
United States of America,Home & Furniture,Curtains,2010
United States of America,Home & Furniture,Curtains,2011
United States of America,Home & Furniture,Curtains,2012
United States of America,Home & Furniture,Curtains,2013
United States of America,Home & Furniture,Curtains,2010
United States of America,Home & Furniture,Curtains,2011
United States of America,Home & Furniture,Curtains,2012
United States of America,Home & Furniture,Curtains,2013
United States of America,Home & Furniture,Curtains,2010
United States of America,Home & Furniture,Curtains,2011
United States of America,Home & Furniture,Curtains,2012
United States of America,Home & Furniture,Curtains,2013
United States of America,Personal Care,Make up,2010
United States of America,Personal Care,Make up,2011
United States of America,Personal Care,Make up,2012
United States of America,Personal Care,Make up,2013
United States of America,Personal Care,Make up,2010
United States of America,Personal Care,Make up,2011
United States of America,Personal Care,Make up,2012
United States of America,Personal Care,Perfumes,2013
United States of America,Home & Furniture,Curtains,2010
United States of America,Home & Furniture,Curtains,2011
United States of America,Home & Furniture,Curtains,2012
United States of America,Home & Furniture,Curtains,2013
United States of America,Home & Furniture,Curtains,2010
United States of America,Home & Furniture,Curtains,2011
United States of America,Home & Furniture,Curtains,2012
United States of America,Home & Furniture,Curtains,2013
United States of America,Home & Furniture,Curtains,2010
United States of America,Home & Furniture,Curtains,2011
United States of America,Home & Furniture,Curtains,2012
United States of America,Home & Furniture,Curtains,2013
United States of America,Home & Furniture,Curtains,2010
United States of America,Home & Furniture,Curtains,2011
United States of America,Home & Furniture,Curtains,2012
United States of America,Home & Furniture,Curtains,2013
United States of America,Fashion,Watches,2010
United States of America,Fashion,Watches,2011
United States of America,Fashion,Watches,2012
United States of America,Fashion,Watches,2013
United States of America,Fashion,Watches,2010
United States of America,Fashion,Watches,2011
United States of America,Fashion,Watches,2012
United States of America,Fashion,Watches,2013
United States of America,Fashion,Watches,2010
United States of America,Fashion,Watches,2011
United States of America,Fashion,Watches,2012
United States of America,Fashion,Watches,2013
United States of America,Fashion,Watches,2010
United States of America,Fashion,Watches,2011
United States of America,Fashion,Watches,2012
United States of America,Fashion,Watches,2013
United States of America,Personal Care,Perfumes,2010
United States of America,Personal Care,Perfumes,2011
United States of America,Personal Care,Perfumes,2012
United States of America,Personal Care,Perfumes,2013
United States of America,Personal Care,Perfumes,2010
United States of America,Personal Care,Perfumes,2011
United States of America,Personal Care,Perfumes,2012
United States of America,Personal Care,Perfumes,2013
United States of America,Personal Care,Perfumes,2010
United States of America,Personal Care,Perfumes,2011
United States of America,Personal Care,Perfumes,2012
United States of America,Personal Care,Perfumes,2013
United States of America,Personal Care,Perfumes,2010
United States of America,Personal Care,Perfumes,2011
United States of America,Personal Care,Perfumes,2012
United States of America,Personal Care,Perfumes,2013
United States of America,Fashion,Watches,2010
United States of America,Fashion,Watches,2011
United States of America,Fashion,Watches,2012
United States of America,Fashion,Watches,2013
United States of America,Fashion,Watches,2010
United States of America,Fashion,Watches,2011
United States of America,Fashion,Watches,2012
United States of America,Fashion,Watches,2013
United States of America,Fashion,Clothing,2010
United States of America,Fashion,Clothing,2011
United States of America,Fashion,Clothing,2012
United States of America,Fashion,Clothing,2013
United States of America,Fashion,Clothing,2010
United States of America,Fashion,Clothing,2011
United States of America,Fashion,Clothing,2012
United States of America,Fashion,Clothing,2013
United States of America,Electronics,Refrigerator,2010
United States of America,Electronics,Refrigerator,2011
United States of America,Electronics,Refrigerator,2012
United States of America,Electronics,Refrigerator,2013
United States of America,Electronics,Refrigerator,2010
United States of America,Electronics,Refrigerator,2011
United States of America,Electronics,Refrigerator,2012
United States of America,Electronics,Refrigerator,2013
United States of America,Electronics,Refrigerator,2010
United States of America,Electronics,Refrigerator,2011
United States of America,Electronics,Refrigerator,2012
United States of America,Electronics,Refrigerator,2013
United States of America,Electronics,Refrigerator,2010
United States of America,Electronics,Refrigerator,2011
United States of America,Electronics,Refrigerator,2012
United States of America,Electronics,Refrigerator,2013
United States of America,Home & Furniture,Curtains,2010
United States of America,Home & Furniture,Curtains,2011
United States of America,Home & Furniture,Curtains,2012
United States of America,Home & Furniture,Curtains,2013
United States of America,Home & Furniture,Curtains,2010
United States of America,Home & Furniture,Curtains,2011
United States of America,Home & Furniture,Curtains,2012
United States of America,Home & Furniture,Curtains,2013
United States of America,Home & Furniture,Curtains,2010
United States of America,Home & Furniture,Curtains,2011
United States of America,Home & Furniture,Curtains,2012
United States of America,Home & Furniture,Curtains,2013
United States of America,Home & Furniture,Curtains,2010
United States of America,Home & Furniture,Curtains,2011
United States of America,Home & Furniture,Curtains,2012
United States of America,Home & Furniture,Curtains,2013
United States of America,Home & Furniture,Curtains,2010
United States of America,Home & Furniture,Curtains,2011
United States of America,Home & Furniture,Curtains,2012
United States of America,Home & Furniture,Curtains,2013
United States of America,Home & Furniture,Curtains,2010
United States of America,Home & Furniture,Curtains,2011
United States of America,Home & Furniture,Curtains,2012
United States of America,Home & Furniture,Curtains,2013
United States of America,Home & Furniture,Curtains,2010
United States of America,Home & Furniture,Curtains,2011
United States of America,Home & Furniture,Curtains,2012
United States of America,Home & Furniture,Curtains,2013
United States of America,Home & Furniture,Curtains,2010
United States of America,Home & Furniture,Curtains,2011
United States of America,Home & Furniture,Curtains,2012
United States of America,Home & Furniture,Curtains,2013
United States of America,Sports,Gym Products,2010
United States of America,Sports,Gym Products,2011
United States of America,Sports,Gym Products,2012
United States of America,Sports,Gym Products,2013
United States of America,Sports,Gym Products,2010
United States of America,Sports,Gym Products,2011
United States of America,Sports,Gym Products,2012
United States of America,Sports,Gym Products,2013
United States of America,Sports,Gym Products,2010
United States of America,Sports,Gym Products,2011
United States of America,Sports,Gym Products,2012
United States of America,Sports,Gym Products,2013
United States of America,Sports,Gym Products,2010
United States of America,Sports,Gym Products,2011
United States of America,Sports,Gym Products,2012
United States of America,Sports,Gym Products,2013
United States of America,Sports,Gym Products,2010
United States of America,Sports,Gym Products,2011
United States of America,Sports,Gym Products,2012
United States of America,Sports,Gym Products,2013
United States of America,Sports,Gym Products,2010
United States of America,Sports,Gym Products,2011
United States of America,Sports,Gym Products,2012
United States of America,Sports,Gym Products,2013
United States of America,Sports,Gym Products,2010
United States of America,Sports,Gym Products,2011
United States of America,Sports,Gym Products,2012
United States of America,Sports,Gym Products,2013
United States of America,Sports,Gym Products,2010
United States of America,Sports,Gym Products,2011
United States of America,Sports,Gym Products,2012
United States of America,Sports,Gym Products,2013
United States of America,Sports,Gym Products,2010
United States of America,Sports,Gym Products,2011
United States of America,Sports,Gym Products,2012
United States of America,Sports,Gym Products,2013
United States of America,Sports,Gym Products,2010
United States of America,Sports,Gym Products,2011
United States of America,Sports,Gym Products,2012
United States of America,Sports,Gym Products,2013
United States of America,Sports,Gym Products,2010
United States of America,Sports,Gym Products,2011
United States of America,Sports,Gym Products,2012
United States of America,Sports,Gym Products,2013
United States of America,Sports,Gym Products,2010
United States of America,Sports,Gym Products,2011
United States of America,Sports,Gym Products,2012
United States of America,Sports,Gym Products,2013
China,Fashion,Clothing,2010
China,Fashion,Clothing,2011
China,Fashion,Clothing,2012
China,Fashion,Clothing,2013
China,Fashion,Clothing,2010
China,Fashion,Clothing,2011
China,Fashion,Clothing,2012
China,Fashion,Clothing,2013
China,Fashion,Clothing,2010
China,Fashion,Clothing,2011
China,Fashion,Clothing,2012
China,Fashion,Clothing,2013
China,Fashion,Clothing,2010
China,Fashion,Clothing,2011
China,Fashion,Clothing,2012
China,Fashion,Clothing,2013
China,Electronics,Refrigerator,2010
China,Electronics,Refrigerator,2011
China,Electronics,Refrigerator,2012
China,Electronics,Refrigerator,2013
China,Electronics,Refrigerator,2010
China,Electronics,Refrigerator,2011
China,Electronics,Refrigerator,2012
China,Electronics,Refrigerator,2013
China,Fashion,Clothing,2010
China,Fashion,Clothing,2011
China,Fashion,Clothing,2012
China,Fashion,Clothing,2013
China,Fashion,Clothing,2010
China,Fashion,Clothing,2011
China,Fashion,Clothing,2012
China,Fashion,Clothing,2013
China,Fashion,Clothing,2010
China,Fashion,Clothing,2011
China,Fashion,Clothing,2012
China,Fashion,Clothing,2013
China,Fashion,Clothing,2010
China,Fashion,Clothing,2011
China,Fashion,Clothing,2012
China,Fashion,Clothing,2013
China,Electronics,Refrigerator,2010
China,Electronics,Refrigerator,2011
China,Electronics,Refrigerator,2012
China,Electronics,Refrigerator,2013
China,Electronics,Refrigerator,2010
China,Electronics,Refrigerator,2011
China,Electronics,Refrigerator,2012
China,Electronics,Refrigerator,2013
China,Electronics,Refrigerator,2010
China,Electronics,Refrigerator,2011
China,Electronics,Refrigerator,2012
China,Electronics,Refrigerator,2013
China,Electronics,Refrigerator,2010
China,Electronics,Refrigerator,2011
China,Electronics,Refrigerator,2012
China,Electronics,Refrigerator,2013
China,Home & Furniture,Curtains,2010
China,Home & Furniture,Curtains,2011
China,Home & Furniture,Curtains,2012
China,Home & Furniture,Curtains,2013
China,Home & Furniture,Curtains,2010
China,Home & Furniture,Curtains,2011
China,Home & Furniture,Curtains,2012
China,Home & Furniture,Curtains,2013
China,Home & Furniture,Curtains,2010
China,Home & Furniture,Curtains,2011
China,Home & Furniture,Curtains,2012
China,Home & Furniture,Curtains,2013
China,Home & Furniture,TV Cabinets,2010
China,Home & Furniture,TV Cabinets,2011
China,Home & Furniture,TV Cabinets,2012
China,Home & Furniture,TV Cabinets,2013
China,Personal Care,Perfumes,2010
China,Personal Care,Perfumes,2011
China,Personal Care,Perfumes,2012
China,Personal Care,Perfumes,2013
China,Personal Care,Perfumes,2010
China,Personal Care,Perfumes,2011
China,Personal Care,Perfumes,2012
China,Personal Care,Perfumes,2013
China,Home & Furniture,TV Cabinets,2010
China,Home & Furniture,TV Cabinets,2011
China,Home & Furniture,TV Cabinets,2012
China,Home & Furniture,TV Cabinets,2013
China,Home & Furniture,TV Cabinets,2010
China,Home & Furniture,TV Cabinets,2011
China,Home & Furniture,TV Cabinets,2012
China,Home & Furniture,TV Cabinets,2013
China,Home & Furniture,TV Cabinets,2010
China,Home & Furniture,TV Cabinets,2011
China,Home & Furniture,TV Cabinets,2012
China,Home & Furniture,TV Cabinets,2013
China,Home & Furniture,TV Cabinets,2010
China,Home & Furniture,TV Cabinets,2011
China,Home & Furniture,TV Cabinets,2012
China,Home & Furniture,TV Cabinets,2013
China,Fashion,Clothing,2010
China,Fashion,Clothing,2011
China,Fashion,Clothing,2012
China,Fashion,Clothing,2013
China,Fashion,Clothing,2010
China,Fashion,Clothing,2011
China,Fashion,Clothing,2012
China,Fashion,Clothing,2013
China,Fashion,Clothing,2010
China,Fashion,Clothing,2011
China,Fashion,Clothing,2012
China,Fashion,Clothing,2013
China,Fashion,Clothing,2010
China,Fashion,Clothing,2011
China,Fashion,Clothing,2012
China,Fashion,Clothing,2013
China,Personal Care,Perfumes,2010
China,Personal Care,Perfumes,2011
China,Personal Care,Perfumes,2012
China,Personal Care,Perfumes,2013
China,Personal Care,Perfumes,2010
China,Personal Care,Perfumes,2011
China,Personal Care,Perfumes,2012
China,Personal Care,Perfumes,2013
China,Personal Care,Perfumes,2010
China,Personal Care,Perfumes,2011
China,Personal Care,Perfumes,2012
China,Personal Care,Perfumes,2013
China,Personal Care,Perfumes,2010
China,Personal Care,Perfumes,2011
China,Personal Care,Perfumes,2012
China,Personal Care,Perfumes,2013
China,Fashion,Clothing,2010
China,Fashion,Clothing,2011
China,Fashion,Clothing,2012
China,Fashion,Clothing,2013
China,Fashion,Clothing,2010
China,Fashion,Clothing,2011
China,Fashion,Clothing,2012
China,Fashion,Clothing,2013
China,Fashion,Clothing,2010
China,Fashion,Clothing,2011
China,Fashion,Clothing,2012
China,Fashion,Clothing,2013
China,Fashion,Clothing,2010
China,Fashion,Clothing,2011
China,Fashion,Clothing,2012
China,Fashion,Clothing,2013
China,Electronics,Refrigerator,2010
China,Electronics,Refrigerator,2011
China,Electronics,Refrigerator,2012
China,Electronics,Refrigerator,2013
China,Electronics,Refrigerator,2010
China,Electronics,Refrigerator,2011
China,Electronics,Refrigerator,2012
China,Electronics,Refrigerator,2013
China,Electronics,Refrigerator,2010
China,Electronics,Refrigerator,2011
China,Electronics,Refrigerator,2012
China,Electronics,Refrigerator,2013
China,Electronics,Refrigerator,2010
China,Electronics,Refrigerator,2011
China,Electronics,Refrigerator,2012
China,Electronics,Refrigerator,2013
China,Home & Furniture,TV Cabinets,2010
China,Home & Furniture,TV Cabinets,2011
China,Home & Furniture,TV Cabinets,2012
China,Home & Furniture,TV Cabinets,2013
China,Home & Furniture,TV Cabinets,2010
China,Home & Furniture,TV Cabinets,2011
China,Home & Furniture,TV Cabinets,2012
China,Home & Furniture,TV Cabinets,2013
China,Home & Furniture,TV Cabinets,2010
China,Home & Furniture,TV Cabinets,2011
China,Home & Furniture,TV Cabinets,2012
China,Home & Furniture,TV Cabinets,2013
China,Home & Furniture,TV Cabinets,2010
China,Home & Furniture,TV Cabinets,2011
China,Home & Furniture,TV Cabinets,2012
China,Home & Furniture,TV Cabinets,2013
China,Home & Furniture,TV Cabinets,2010
China,Home & Furniture,TV Cabinets,2011
China,Home & Furniture,TV Cabinets,2012
China,Home & Furniture,TV Cabinets,2013
China,Home & Furniture,TV Cabinets,2010
China,Home & Furniture,TV Cabinets,2011
China,Home & Furniture,TV Cabinets,2012
China,Home & Furniture,TV Cabinets,2013
China,Sports,Gym Products,2010
China,Sports,Gym Products,2011
China,Sports,Gym Products,2012
China,Sports,Gym Products,2013
China,Sports,Gym Products,2010
China,Sports,Gym Products,2011
China,Sports,Gym Products,2012
China,Sports,Gym Products,2013
China,Sports,Gym Products,2010
China,Sports,Gym Products,2011
China,Sports,Gym Products,2012
China,Sports,Gym Products,2013
China,Sports,Gym Products,2010
China,Sports,Gym Products,2011
China,Sports,Gym Products,2012
China,Sports,Gym Products,2013
China,Sports,Gym Products,2010
China,Sports,Gym Products,2011
China,Sports,Gym Products,2012
China,Sports,Gym Products,2013
China,Sports,Gym Products,2010
China,Sports,Gym Products,2011
China,Sports,Gym Products,2012
China,Sports,Gym Products,2013
China,Sports,Gym Products,2010
China,Sports,Gym Products,2011
China,Sports,Gym Products,2012
China,Sports,Gym Products,2013
China,Sports,Gym Products,2010
China,Sports,Gym Products,2011
China,Sports,Gym Products,2012
China,Sports,Gym Products,2013
China,Sports,Gym Products,2010
China,Sports,Gym Products,2011
China,Sports,Gym Products,2012
China,Sports,Gym Products,2013
China,Sports,Gym Products,2010
China,Sports,Gym Products,2011
China,Sports,Gym Products,2012
China,Sports,Gym Products,2013
China,Sports,Gym Products,2010
China,Sports,Gym Products,2011
China,Sports,Gym Products,2012
China,Sports,Gym Products,2013
China,Sports,Gym Products,2012
China,Sports,Gym Products,2012
China,Sports,Gym Products,2012
China,Sports,Gym Products,2012